day,week1,week2,week3,week4,week5,week6,week7,week8,week9,week10,week11,week12,week13,week14,week15,week16,week17,week18,week19,week20,week21,week22,week23,week24,week25,week26,week27,week28,week29,week30,week31,week32,week33,week34,week35,week36,week37,week38,week39,week40,week41,week42,week43,week44,week45,week46,week47,week48,week49,week50,week51,week52,total
Mon,0,4,7,5,5,6,7,9,4,8,6,6,6,4,4,6,3,8,6,3,9,9,4,6,8,7,8,13,7,19,9,7,4,7,10,7,7,4,7,7,8,4,6,15,5,5,4,4,11,12,13,12,365
Tue,0,6,9,8,8,7,6,8,5,9,5,6,7,5,4,7,7,5,4,6,5,5,5,6,5,4,12,8,11,21,4,3,10,5,5,6,6,6,5,9,6,9,7,7,6,5,5,4,10,11,11,11,355
Wed,0,7,9,7,5,5,7,6,12,7,7,9,6,6,4,4,4,6,8,6,6,4,6,4,7,7,14,6,5,15,10,10,6,10,7,7,10,11,9,8,7,7,4,5,7,5,6,6,11,13,13,14,386
Thu,0,6,8,6,11,10,5,6,9,3,5,4,5,7,7,9,3,4,6,9,6,6,7,6,9,9,9,9,7,18,5,5,5,3,5,10,6,7,6,6,5,5,7,6,6,5,5,4,11,10,11,12,354
Fri,0,5,9,8,12,12,11,11,10,9,5,4,7,10,4,10,7,6,4,3,6,5,5,8,4,6,15,11,12,16,11,9,9,5,8,0,6,8,8,7,8,8,7,9,11,11,12,11,12,13,12,13,433
Sat,0,8,7,8,0,11,10,6,10,3,6,8,8,7,5,8,8,8,7,6,3,7,10,11,9,9,18,9,8,19,6,7,5,8,6,1,9,10,11,10,8,7,9,9,14,11,12,10,15,14,15,17,452
